{"RuleTriggered": 2, "Violations": 2, "Details": {"algo-1": {"cpu": {"p25": 17.744375, "p50": 20.349375000000002, "p75": 33.07718750000001, "p95": 47.5591875, "upper": 56.07640625000002, "lower": 0.25}, "gpu0": {"p25": 0.0, "p50": 0.0, "p75": 0.0, "p95": 12.0, "upper": 0.0, "lower": 0.0}, "gpu0_memory": {"p25": 0.0, "p50": 0.0, "p75": 0.0, "p95": 9.0, "upper": 0.0, "lower": 0.0}}, "last_timestamp": 1679786160000000}, "Datapoints": 1194, "RuleParameters": "cpu_threshold_p95:70\ngpu_threshold_p95:70\ngpu_memory_threshold_p95:70\npatience:1000\nwindow:500"}