{"RuleTriggered": 4, "Violations": 4, "Details": {"algo-1": {"cpu": {"p25": 17.878125, "p50": 20.36375, "p75": 29.875625, "p95": 46.540625000000006, "upper": 47.871874999999996, "lower": 2.26}, "gpu0": {"p25": 0.0, "p50": 0.0, "p75": 0.0, "p95": 12.0, "upper": 0.0, "lower": 0.0}, "gpu0_memory": {"p25": 0.0, "p50": 0.0, "p75": 0.0, "p95": 9.0, "upper": 0.0, "lower": 0.0}}, "last_timestamp": 1679833500000000}, "Datapoints": 1431, "RuleParameters": "cpu_threshold_p95:70\ngpu_threshold_p95:70\ngpu_memory_threshold_p95:70\npatience:1000\nwindow:500"}