{"RuleTriggered": 0, "Violations": 0, "Details": {"pin_memory": false, "num_workers": 0, "cores": 8, "dataloaders": 1, "dataloading_time": {"p25": 0.8190405000000001, "p50": 0.851603, "p95": 1.3040774499999996, "probs": [1, 0, 1, 0, 0, 0, 0, 1, 0, 0, 0, 0, 2, 0, 1, 0, 0, 0, 1, 0, 0, 0, 0, 0, 0, 0, 0, 0, 0, 0, 0, 0, 0, 0, 0, 0, 0, 0, 0, 0, 0, 0, 1, 0, 0, 0, 0, 0, 0, 1, 0, 0, 0, 0, 0, 0, 0, 0, 0, 0, 0, 0, 0, 0, 0, 0, 0, 0, 0, 0, 0, 0, 0, 0, 0, 0, 0, 0, 0, 0, 0, 0, 0, 0, 0, 0, 0, 0, 0, 0, 0, 0, 0, 0, 0, 0, 0, 0, 0, 1], "binedges": [0.757594, 0.76467064, 0.77174728, 0.77882392, 0.78590056, 0.7929771999999999, 0.80005384, 0.80713048, 0.81420712, 0.82128376, 0.8283604, 0.83543704, 0.8425136799999999, 0.84959032, 0.85666696, 0.8637436, 0.87082024, 0.87789688, 0.88497352, 0.8920501599999999, 0.8991268, 0.90620344, 0.9132800799999999, 0.92035672, 0.92743336, 0.93451, 0.9415866399999999, 0.94866328, 0.95573992, 0.96281656, 0.9698932, 0.97696984, 0.98404648, 0.9911231199999999, 0.99819976, 1.0052764, 1.01235304, 1.01942968, 1.02650632, 1.03358296, 1.0406596, 1.0477362399999999, 1.05481288, 1.06188952, 1.06896616, 1.0760428, 1.08311944, 1.09019608, 1.0972727199999999, 1.10434936, 1.111426, 1.11850264, 1.12557928, 1.13265592, 1.13973256, 1.1468091999999999, 1.15388584, 1.16096248, 1.16803912, 1.17511576, 1.1821924, 1.1892690399999999, 1.1963456799999999, 1.20342232, 1.21049896, 1.2175756, 1.22465224, 1.23172888, 1.2388055199999999, 1.2458821599999998, 1.2529588, 1.26003544, 1.26711208, 1.27418872, 1.28126536, 1.288342, 1.2954186399999998, 1.30249528, 1.30957192, 1.31664856, 1.3237252, 1.33080184, 1.33787848, 1.3449551199999998, 1.35203176, 1.3591084, 1.36618504, 1.37326168, 1.38033832, 1.38741496, 1.3944915999999998, 1.40156824, 1.40864488, 1.41572152, 1.42279816, 1.4298748, 1.43695144, 1.4440280799999998, 1.45110472, 1.45818136, 1.465258]}}, "Datapoints": 10, "RuleParameters": "min_threshold:70\nmax_threshold:200"}