{"RuleTriggered": 0, "Violations": 0, "Details": {"pin_memory": false, "num_workers": 0, "cores": 8, "dataloaders": 1, "dataloading_time": {"p25": 0.7434425, "p50": 0.8081475, "p95": 1.1284200999999998, "probs": [1, 0, 0, 0, 0, 0, 0, 0, 0, 0, 0, 0, 1, 1, 0, 0, 0, 0, 0, 1, 1, 0, 0, 0, 0, 0, 0, 0, 0, 0, 0, 0, 0, 1, 0, 0, 0, 0, 0, 1, 0, 0, 0, 0, 0, 0, 0, 0, 0, 0, 0, 0, 0, 1, 0, 0, 0, 0, 0, 0, 0, 0, 0, 0, 0, 0, 0, 0, 0, 0, 1, 0, 0, 0, 0, 0, 0, 0, 0, 0, 0, 0, 0, 0, 0, 0, 0, 0, 0, 0, 0, 0, 0, 0, 0, 0, 0, 0, 0, 1], "binedges": [0.660996, 0.66638854, 0.67178108, 0.67717362, 0.68256616, 0.6879587, 0.69335124, 0.69874378, 0.70413632, 0.70952886, 0.7149214, 0.72031394, 0.72570648, 0.73109902, 0.73649156, 0.7418841, 0.74727664, 0.75266918, 0.75806172, 0.76345426, 0.7688468, 0.77423934, 0.77963188, 0.7850244200000001, 0.7904169600000001, 0.7958095000000001, 0.8012020400000001, 0.8065945800000001, 0.8119871200000001, 0.8173796600000001, 0.8227722000000001, 0.8281647400000001, 0.8335572800000001, 0.8389498200000001, 0.8443423600000001, 0.8497349000000001, 0.8551274400000001, 0.8605199800000001, 0.8659125200000001, 0.8713050600000001, 0.8766976000000001, 0.8820901400000001, 0.8874826800000001, 0.8928752200000001, 0.8982677600000001, 0.9036603000000001, 0.9090528400000001, 0.9144453800000001, 0.91983792, 0.9252304600000001, 0.930623, 0.9360155400000001, 0.94140808, 0.9468006200000001, 0.95219316, 0.9575857000000001, 0.96297824, 0.9683707800000001, 0.97376332, 0.9791558600000001, 0.9845484, 0.9899409400000001, 0.99533348, 1.00072602, 1.00611856, 1.0115111, 1.01690364, 1.02229618, 1.02768872, 1.0330812600000001, 1.0384738, 1.0438663400000001, 1.04925888, 1.0546514200000001, 1.06004396, 1.0654365000000001, 1.07082904, 1.0762215800000001, 1.08161412, 1.0870066600000001, 1.0923992, 1.0977917400000001, 1.10318428, 1.1085768200000001, 1.11396936, 1.1193619000000001, 1.12475444, 1.1301469800000001, 1.13553952, 1.1409320600000001, 1.1463246, 1.1517171400000001, 1.15710968, 1.16250222, 1.16789476, 1.1732873000000001, 1.17867984, 1.18407238, 1.18946492, 1.1948574600000001, 1.20025]}}, "Datapoints": 10, "RuleParameters": "min_threshold:70\nmax_threshold:200"}