{"RuleTriggered": 0, "Violations": 15, "Details": {"low_gpu_utilization": 1269, "bottlenecks": {"1679833532.000523": {"GPUs": 1, "CPUs": 2}, "1679833534.000539": {"GPUs": 1, "CPUs": 2}, "1679833734.000485": {"GPUs": 1, "CPUs": 1}, "1679833736.000508": {"GPUs": 1, "CPUs": 1}, "1679833736.500558": {"GPUs": 1, "CPUs": 1}, "1679833738.000487": {"GPUs": 1, "CPUs": 1}, "1679833743.500493": {"GPUs": 1, "CPUs": 1}, "1679833744.500492": {"GPUs": 1, "CPUs": 1}, "1679833745.500497": {"GPUs": 1, "CPUs": 1}, "1679833753.000518": {"GPUs": 1, "CPUs": 1}, "1679833757.500485": {"GPUs": 1, "CPUs": 1}, "1679833758.000523": {"GPUs": 1, "CPUs": 1}, "1679833780.50046": {"GPUs": 1, "CPUs": 1}, "1679833781.0005": {"GPUs": 1, "CPUs": 1}, "1679833781.500485": {"GPUs": 1, "CPUs": 1}}}, "Datapoints": 1434, "RuleParameters": "threshold:50\nio_threshold:50\ngpu_threshold:10\npatience:1000"}