{"RuleTriggered": 0, "Violations": 7, "Details": {"low_gpu_utilization": 1056, "bottlenecks": {"1679786164.500366": {"GPUs": 1, "CPUs": 1}, "1679786209.500372": {"GPUs": 1, "CPUs": 1}, "1679786247.500343": {"GPUs": 1, "CPUs": 1}, "1679786392.000375": {"GPUs": 1, "CPUs": 1}, "1679786394.500368": {"GPUs": 1, "CPUs": 1}, "1679786396.500326": {"GPUs": 1, "CPUs": 1}, "1679786409.000414": {"GPUs": 1, "CPUs": 1}}}, "Datapoints": 1196, "RuleParameters": "threshold:50\nio_threshold:50\ngpu_threshold:10\npatience:1000"}