{"RuleTriggered": 0, "Violations": 0, "Details": {"step_num": {"first": 1679786417076956, "last": 1679786759816614}, "job_start": 1679786162.500268, "job_end": 1679786759.50064}, "Datapoints": 420, "RuleParameters": "threshold:20"}