{"RuleTriggered": 0, "Violations": 0, "Details": {"step_num": {"first": 1679833766527605, "last": 1679834219677364}, "job_start": 1679833504.000385, "job_end": 1679834219.500896}, "Datapoints": 561, "RuleParameters": "threshold:20"}