{"RuleTriggered": 0, "Violations": 0, "Details": {"ratio": {"gpu_functions-dev:0": 50.73740003527746, "cpu_functions": 49.26259996472254}, "phase": {"Step:ModeKeys.TRAIN": 8.858796423343955, "others": 89.85423996885945, "Step:ModeKeys.EVAL": 1.2869636077965885}, "phase_time": {}, "CPU": {"aten::conv2d": 7.638017106289877, "aten::convolution": 7.6149772146557435, "aten::_convolution": 7.5983769127152465, "aten::cudnn_convolution": 7.574115476106333, "aten::to": 3.218121400811289, "aten::copy_": 3.632507585405941, "aten::linear": 2.5690291181723315, "aten::addmm": 2.565145593686039, "enumerate(DataLoader)#_SingleProcessDataLoaderIter.__next__": 57.5897095921572}, "CPU_total": {"aten::conv2d": 1081726, "aten::convolution": 1078463, "aten::_convolution": 1076112, "aten::cudnn_convolution": 1072676, "aten::to": 455763, "aten::copy_": 514450, "aten::linear": 363836, "aten::addmm": 363286, "enumerate(DataLoader)#_SingleProcessDataLoaderIter.__next__": 8156081}, "GPU": {"aten::conv2d": 8.128767433327273, "aten::convolution": 8.114693890148176, "aten::_convolution": 8.102513279677376, "aten::cudnn_convolution": 8.085353433169532, "aten::to": 3.118174554457822, "aten::copy_": 3.525271680423578, "aten::linear": 2.495221373679319, "aten::addmm": 2.4915383850403443, "enumerate(DataLoader)#_SingleProcessDataLoaderIter.__next__": 55.938465970076564}, "GPU_total": {"aten::conv2d": 1185219, "aten::convolution": 1183167, "aten::_convolution": 1181391, "aten::cudnn_convolution": 1178889, "aten::to": 454647, "aten::copy_": 514004, "aten::linear": 363817, "aten::addmm": 363280, "enumerate(DataLoader)#_SingleProcessDataLoaderIter.__next__": 8156136}, "general": {"DataLoaderIterInitialize": 0.0040439637755074, "DataLoaderIter": 25.90302254731785, "Forward": 74.09293348890664}}, "Datapoints": 0, "RuleParameters": ""}