{"RuleTriggered": 0, "Violations": 0, "Details": {"ratio": {"gpu_functions-dev:0": 50.5864054756335, "cpu_functions": 49.413594524366495}, "phase": {"Step:ModeKeys.TRAIN": 10.03593274996102, "others": 88.47555275912943, "Step:ModeKeys.EVAL": 1.4885144909095573}, "phase_time": {}, "CPU": {"aten::conv2d": 9.90392892222417, "aten::convolution": 9.885251705508082, "aten::_convolution": 9.871238021272404, "aten::cudnn_convolution": 9.851487268614047, "aten::to": 2.764580147596186, "aten::copy_": 3.0814464015248366, "enumerate(DataLoader)#_SingleProcessDataLoaderIter.__next__": 54.64206753326029}, "CPU_total": {"aten::conv2d": 1715947, "aten::convolution": 1712711, "aten::_convolution": 1710283, "aten::cudnn_convolution": 1706861, "aten::to": 478989, "aten::copy_": 533889, "enumerate(DataLoader)#_SingleProcessDataLoaderIter.__next__": 9467242}, "GPU": {"aten::conv2d": 10.253529791583551, "aten::convolution": 10.241982065462702, "aten::_convolution": 10.231606582891455, "aten::cudnn_convolution": 10.217224056263634, "aten::to": 2.693483165596365, "aten::copy_": 3.0064327428363096, "enumerate(DataLoader)#_SingleProcessDataLoaderIter.__next__": 53.35574159536598}, "GPU_total": {"aten::conv2d": 1819361, "aten::convolution": 1817312, "aten::_convolution": 1815471, "aten::cudnn_convolution": 1812919, "aten::to": 477925, "aten::copy_": 533454, "enumerate(DataLoader)#_SingleProcessDataLoaderIter.__next__": 9467311}, "general": {"DataLoaderIterInitialize": 0.003606278431493861, "DataLoaderIter": 31.121325959100503, "Forward": 68.875067762468}}, "Datapoints": 0, "RuleParameters": ""}