{"RuleTriggered": 0, "Violations": 0, "Details": {"step_details": {"algo-1-27": {"step_stats": {"mean": 0.04797107142857143, "max": 4.362264, "p99": 0.8702413700000023, "p95": 0.020370649999999994, "p50": 0.014166, "min": 0.01321}, "number_of_outliers": 5, "phase": "Step:ModeKeys.TRAIN", "stddev": 0.26, "probs": [366, 1, 0, 0, 0, 0, 0, 0, 0, 0, 0, 0, 0, 0, 0, 0, 0, 0, 0, 0, 0, 0, 0, 0, 0, 0, 0, 0, 0, 0, 0, 0, 0, 0, 0, 0, 0, 0, 0, 0, 0, 0, 0, 0, 0, 0, 0, 0, 0, 1, 0, 0, 0, 0, 0, 0, 0, 0, 0, 0, 0, 0, 0, 0, 0, 0, 0, 0, 0, 0, 0, 0, 0, 0, 0, 0, 0, 0, 0, 0, 0, 0, 0, 0, 0, 0, 0, 0, 0, 0, 0, 0, 0, 0, 0, 0, 0, 0, 2, 3], "binedges": [0.01321, 0.021332990000000003, 0.029455980000000003, 0.03757897, 0.04570196000000001, 0.05382495000000001, 0.06194794000000001, 0.07007093, 0.07819392000000001, 0.08631691000000001, 0.09443990000000002, 0.10256289000000002, 0.11068588000000001, 0.11880887000000002, 0.12693186, 0.13505485000000003, 0.14317784000000003, 0.15130083000000003, 0.15942382000000002, 0.16754681000000005, 0.17566980000000004, 0.18379279000000004, 0.19191578000000004, 0.20003877000000003, 0.20816176000000003, 0.21628475000000005, 0.22440774000000005, 0.23253073000000005, 0.24065372000000004, 0.24877671000000004, 0.25689970000000006, 0.26502269000000006, 0.27314568000000006, 0.28126867000000005, 0.28939166000000005, 0.29751465000000005, 0.30563764000000004, 0.31376063000000004, 0.3218836200000001, 0.3300066100000001, 0.3381296000000001, 0.3462525900000001, 0.3543755800000001, 0.3624985700000001, 0.37062156000000007, 0.37874455000000007, 0.38686754000000007, 0.39499053000000006, 0.40311352000000006, 0.4112365100000001, 0.4193595000000001, 0.4274824900000001, 0.4356054800000001, 0.4437284700000001, 0.4518514600000001, 0.4599744500000001, 0.4680974400000001, 0.4762204300000001, 0.4843434200000001, 0.49246641000000013, 0.5005894000000002, 0.5087123900000001, 0.5168353800000001, 0.52495837, 0.5330813600000002, 0.5412043500000001, 0.54932734, 0.5574503300000002, 0.5655733200000002, 0.5736963100000001, 0.5818193, 0.5899422900000002, 0.5980652800000001, 0.6061882700000001, 0.61431126, 0.6224342500000002, 0.6305572400000001, 0.6386802300000001, 0.6468032200000002, 0.6549262100000002, 0.6630492000000001, 0.6711721900000001, 0.6792951800000002, 0.6874181700000002, 0.6955411600000001, 0.70366415, 0.7117871400000002, 0.7199101300000001, 0.7280331200000001, 0.7361561100000003, 0.7442791000000002, 0.7524020900000001, 0.7605250800000001, 0.7686480700000002, 0.7767710600000002, 0.7848940500000001, 0.7930170400000001, 0.8011400300000002, 0.8092630200000002, 0.8173860100000001, 0.825509], "step_numbers": ["0", "1", "2", "3", "6"]}}}, "Datapoints": 420, "RuleParameters": "threshold:3\nmode:None\nn_outliers:10\nstddev:3"}