{"RuleTriggered": 1, "Violations": 11, "Details": {"step_details": {"algo-1-27": {"step_stats": {"mean": 0.04242945544554455, "max": 3.747428, "p99": 0.83603328, "p95": 0.01913619999999999, "p50": 0.014455, "min": 0.013386}, "number_of_outliers": 11, "phase": "Step:ModeKeys.TRAIN", "stddev": 0.22, "probs": [472, 21, 0, 0, 0, 0, 0, 0, 0, 0, 0, 0, 0, 0, 0, 0, 0, 0, 0, 0, 0, 0, 0, 0, 0, 0, 0, 0, 0, 0, 0, 0, 0, 0, 0, 0, 0, 0, 0, 0, 0, 0, 0, 0, 0, 0, 0, 0, 0, 0, 0, 0, 0, 0, 0, 0, 0, 0, 0, 0, 0, 0, 0, 0, 0, 0, 0, 0, 0, 0, 0, 0, 0, 0, 0, 0, 0, 0, 0, 0, 0, 0, 0, 0, 0, 0, 0, 0, 0, 0, 0, 0, 0, 0, 0, 0, 0, 0, 0, 1], "binedges": [0.013386, 0.01770969, 0.022033379999999998, 0.02635707, 0.03068076, 0.03500445, 0.03932814, 0.04365183, 0.04797552, 0.05229921, 0.0566229, 0.06094659, 0.06527028, 0.06959396999999999, 0.07391766, 0.07824134999999999, 0.08256503999999999, 0.08688873, 0.09121241999999999, 0.09553611, 0.09985979999999998, 0.10418348999999999, 0.10850718, 0.11283086999999999, 0.11715455999999999, 0.12147825, 0.12580194, 0.13012563, 0.13444932, 0.13877301, 0.1430967, 0.14742039, 0.15174408, 0.15606777, 0.16039146, 0.16471515, 0.16903884, 0.17336253000000001, 0.17768622, 0.18200991, 0.1863336, 0.19065729, 0.19498098, 0.19930467, 0.20362836, 0.20795205, 0.21227574, 0.21659943, 0.22092312, 0.22524681, 0.2295705, 0.23389419, 0.23821788, 0.24254157, 0.24686526, 0.25118894999999997, 0.25551264, 0.25983633, 0.26416002, 0.26848371, 0.2728074, 0.27713109, 0.28145478, 0.28577847, 0.29010216, 0.29442585, 0.29874954, 0.30307322999999997, 0.30739692, 0.31172061, 0.3160443, 0.32036799, 0.32469168, 0.32901537, 0.33333906, 0.33766275, 0.34198644, 0.34631013, 0.35063382, 0.35495751, 0.35928119999999997, 0.36360489, 0.36792858, 0.37225227, 0.37657596, 0.38089965, 0.38522333999999997, 0.38954703, 0.39387072, 0.39819441, 0.4025181, 0.40684179, 0.41116547999999997, 0.41548917, 0.41981286, 0.42413655, 0.42846024, 0.43278393, 0.43710762, 0.44143130999999997, 0.445755], "step_numbers": ["0", "1", "2", "3", "4", "5", "6", "7", "8", "9", "500"]}}, "ratio": {}, "phase": {"Step:ModeKeys.TRAIN": 100.0}, "phase_time": {}, "general": {"Forward": 100.0}}, "Datapoints": 561, "RuleParameters": "threshold:3\nmode:None\nn_outliers:10\nstddev:3"}